{
  "item-states": [
    {
      "folded": false,
      "id": "mount-assets"
    },
    {
      "folded": true,
      "id": "467cfba5-b7da-4d65-ae29-b36bcb3fd4e8"
    },
    {
      "folded": true,
      "id": "ef3615f6-98c7-44fe-8c82-db884247adf4"
    },
    {
      "folded": true,
      "id": "d91eb1b1-40c9-4e86-a4bd-9e7c9785f025"
    },
    {
      "folded": true,
      "id": "31693f1f-f04e-402b-a7c2-72701c625896"
    },
    {
      "folded": true,
      "id": "e996a1c1-2463-44d2-b125-1662fd2e3bc0"
    },
    {
      "folded": true,
      "id": "15170018-ba40-4840-88da-1cc871f1acdf"
    },
    {
      "folded": true,
      "id": "a105c92d-4b23-4c22-bc02-31478c6f57dc"
    },
    {
      "folded": true,
      "id": "eb81d62d-eedf-4658-8ea4-38aa2def3b81"
    },
    {
      "folded": true,
      "id": "2b0f54d5-40a9-4b43-8a65-77c57d38d0f7"
    },
    {
      "folded": true,
      "id": "436d5a13-fdd8-4596-bcd2-c25b4017a3e3"
    },
    {
      "folded": true,
      "id": "ff253d27-f917-49bf-bd98-f68e9ebcf6e8"
    },
    {
      "folded": true,
      "id": "a159469f-41d4-4a83-83fc-067af2caa759"
    },
    {
      "folded": true,
      "id": "2670971d-078f-46c7-94bd-4cd4607d0c3a"
    },
    {
      "folded": true,
      "id": "210e0757-db36-43ff-b68f-62be74971903"
    },
    {
      "folded": true,
      "id": "b3d1475c-aafe-4e35-9476-19fa0ab4ad08"
    },
    {
      "folded": true,
      "id": "8ffbcb6b-d5fa-40a9-b6cf-7ac885718c4e"
    },
    {
      "folded": true,
      "id": "958c268f-5230-44bb-adcb-ebd647d6ff14"
    },
    {
      "folded": true,
      "id": "1c9e15f8-c2a3-4e7f-9d0b-e747527e8390"
    },
    {
      "folded": true,
      "id": "0763efd5-2c6c-46fd-b27f-3410632d25d2"
    },
    {
      "folded": true,
      "id": "998ebe34-d642-4e03-9c47-96af9241bdb3"
    },
    {
      "folded": true,
      "id": "5c126710-989c-4ed3-b65b-b846249bc35c"
    },
    {
      "folded": true,
      "id": "4f96276c-be8e-4e19-8251-5cafa60b7115"
    },
    {
      "folded": true,
      "id": "2ac3961d-b6c1-4f36-a718-53c466abdb87"
    },
    {
      "folded": true,
      "id": "6fb83ec8-eff3-4c20-a32a-cbbb170a829a"
    },
    {
      "folded": true,
      "id": "730f9a71-f2ab-4eca-b1eb-18a062c99a1a"
    },
    {
      "folded": true,
      "id": "97171432-12ed-4a07-995a-ed42d8654090"
    },
    {
      "folded": true,
      "id": "429d00cd-1482-46d2-a7fb-af59bea4b472"
    },
    {
      "folded": true,
      "id": "f3ec131f-8ecd-4037-a577-31979cb94236"
    },
    {
      "folded": true,
      "id": "806c2076-76f4-4d65-8cf5-0883cd776744"
    },
    {
      "folded": true,
      "id": "5bbe81f0-af88-4e28-b89b-47355d1e230a"
    },
    {
      "folded": true,
      "id": "ace04551-122b-40be-b0e2-27ff11e1bc2a"
    }
  ]
}