{
  "windows": {
    "main": {
      "x": -8,
      "y": -8,
      "width": 1370,
      "height": 772,
      "layout": {
        "docks": [
          {
            "docks": [
              {
                "active": 0,
                "height": 320.984375,
                "panels": [
                  "hierarchy.panel"
                ],
                "type": "panel",
                "width": 377.140625
              },
              {
                "active": 0,
                "height": 320.015625,
                "panels": [
                  "assets.panel"
                ],
                "type": "panel",
                "width": 377.140625
              }
            ],
            "height": 644,
            "row": false,
            "type": "dock",
            "width": 377.140625
          },
          {
            "docks": [
              {
                "active": 0,
                "height": 342.453125,
                "panels": [
                  "scene.panel"
                ],
                "type": "panel",
                "width": 529.328125
              },
              {
                "active": 0,
                "height": 298.546875,
                "panels": [
                  "timeline.panel",
                  "console.panel"
                ],
                "type": "panel",
                "width": 529.328125
              }
            ],
            "height": 644,
            "row": false,
            "type": "dock",
            "width": 529.328125
          },
          {
            "active": 0,
            "height": 644,
            "panels": [
              "inspector.panel"
            ],
            "type": "panel",
            "width": 435.515625
          }
        ],
        "no-collapse": true,
        "row": true,
        "type": "dock"
      }
    }
  }
}