{
  "__type__": "cc.AnimationClip",
  "_name": "child",
  "_objFlags": 0,
  "_duration": 0.18333333333333332,
  "sample": 60,
  "speed": 1,
  "wrapMode": 2,
  "curveData": {
    "comps": {
      "cc.Sprite": {
        "spriteFrame": [
          {
            "frame": 0,
            "value": {
              "__uuid__": "05777dc5-ef5b-4d7c-bf1e-24dfe1d709e2"
            }
          },
          {
            "frame": 0.08333333333333333,
            "value": {
              "__uuid__": "b00fee11-cb8d-4785-ba3d-2b7f8240033d"
            }
          },
          {
            "frame": 0.16666666666666666,
            "value": {
              "__uuid__": "05777dc5-ef5b-4d7c-bf1e-24dfe1d709e2"
            }
          }
        ]
      }
    }
  },
  "events": []
}