{
  "__type__": "cc.AnimationClip",
  "_name": "corpseAction",
  "_objFlags": 0,
  "_duration": 0.36666666666666664,
  "sample": 30,
  "speed": 1,
  "wrapMode": 2,
  "curveData": {
    "comps": {
      "cc.Sprite": {
        "spriteFrame": [
          {
            "frame": 0,
            "value": {
              "__uuid__": "8e81fb72-aaa2-466b-a38c-593410812220"
            }
          },
          {
            "frame": 0.16666666666666666,
            "value": {
              "__uuid__": "2bbc9e6f-5974-44ab-9738-fc3e85dc6451"
            }
          },
          {
            "frame": 0.3333333333333333,
            "value": {
              "__uuid__": "8e81fb72-aaa2-466b-a38c-593410812220"
            }
          }
        ]
      }
    }
  },
  "events": []
}