{
  "__type__": "cc.AnimationClip",
  "_name": "action3",
  "_objFlags": 0,
  "_duration": 0.18333333333333332,
  "sample": 60,
  "speed": 1,
  "wrapMode": 2,
  "curveData": {
    "comps": {
      "cc.Sprite": {
        "spriteFrame": [
          {
            "frame": 0,
            "value": {
              "__uuid__": "3e1698da-2b99-40df-92ad-0cab35bd79da"
            }
          },
          {
            "frame": 0.08333333333333333,
            "value": {
              "__uuid__": "98258044-0879-4ec3-8914-29bf61df4f56"
            }
          },
          {
            "frame": 0.16666666666666666,
            "value": {
              "__uuid__": "3e1698da-2b99-40df-92ad-0cab35bd79da"
            }
          }
        ]
      }
    }
  },
  "events": []
}