{
  "__type__": "cc.AnimationClip",
  "_name": "twoAction",
  "_objFlags": 0,
  "_duration": 0.35,
  "sample": 60,
  "speed": 1,
  "wrapMode": 2,
  "curveData": {
    "comps": {
      "cc.Sprite": {
        "spriteFrame": [
          {
            "frame": 0,
            "value": {
              "__uuid__": "c7acb53e-74f1-4a9d-9963-525ad3fc3af9"
            }
          },
          {
            "frame": 0.16666666666666666,
            "value": {
              "__uuid__": "5de4d45d-cdfb-4883-a74c-35f8ed4fc61b"
            }
          },
          {
            "frame": 0.3333333333333333,
            "value": {
              "__uuid__": "c7acb53e-74f1-4a9d-9963-525ad3fc3af9"
            }
          }
        ]
      }
    }
  },
  "events": []
}