[
  {
    "__type__": "cc.Prefab",
    "_name": "zombie2",
    "_objFlags": 0,
    "data": {
      "__id__": 1
    }
  },
  {
    "__type__": "cc.Node",
    "_name": "zombie2",
    "_objFlags": 0,
    "_opacity": 255,
    "_color": {
      "__type__": "cc.Color",
      "r": 255,
      "g": 255,
      "b": 255,
      "a": 255
    },
    "_cascadeOpacityEnabled": true,
    "_parent": null,
    "_anchorPoint": {
      "__type__": "cc.Vec2",
      "x": 0.5,
      "y": 0.5
    },
    "_contentSize": {
      "__type__": "cc.Size",
      "width": 40,
      "height": 40
    },
    "_children": [],
    "_rotationX": 0,
    "_rotationY": 0,
    "_scaleX": 1,
    "_scaleY": 1,
    "_position": {
      "__type__": "cc.Vec2",
      "x": 198,
      "y": 334
    },
    "_skewX": 0,
    "_skewY": 0,
    "_localZOrder": 0,
    "_globalZOrder": 0,
    "_tag": -1,
    "_opacityModifyRGB": false,
    "_reorderChildDirty": false,
    "_id": "",
    "_active": true,
    "_components": [
      {
        "__id__": 2
      },
      {
        "__id__": 3
      },
      {
        "__id__": 4
      }
    ],
    "_prefab": {
      "__id__": 5
    }
  },
  {
    "__type__": "cc.Sprite",
    "_name": "",
    "_objFlags": 0,
    "node": {
      "__id__": 1
    },
    "_enabled": true,
    "_spriteFrame": {
      "__uuid__": "3e1698da-2b99-40df-92ad-0cab35bd79da"
    },
    "_type": 0,
    "_useOriginalSize": true,
    "_sizeMode": 0,
    "_fillType": 0,
    "_fillCenter": {
      "__type__": "cc.Vec2",
      "x": 0,
      "y": 0
    },
    "_fillStart": 0,
    "_fillRange": 0,
    "_isTrimmedMode": true,
    "_srcBlendFactor": 770,
    "_dstBlendFactor": 771,
    "_atlas": null
  },
  {
    "__type__": "cc.Animation",
    "_name": "",
    "_objFlags": 0,
    "node": {
      "__id__": 1
    },
    "_enabled": true,
    "_defaultClip": {
      "__uuid__": "ee6c9d31-ebb0-4389-80de-dd49661276c1"
    },
    "_clips": [
      {
        "__uuid__": "ee6c9d31-ebb0-4389-80de-dd49661276c1"
      },
      {
        "__uuid__": "f2b5c528-3e16-4c3c-9d4d-ba8381ba0b44"
      }
    ],
    "playOnLoad": true
  },
  {
    "__type__": "09108IJqFRJ7qW9YWpDFb5J",
    "_name": "",
    "_objFlags": 0,
    "node": {
      "__id__": 1
    },
    "_enabled": true,
    "speed": 4,
    "type": 3,
    "touchAudio": {
      "__uuid__": "e328718d-42e6-4c69-8495-f9358fd75d10"
    },
    "endAudio": {
      "__uuid__": "7a205c76-d3d7-4602-8b30-0b91191f56b6"
    }
  },
  {
    "__type__": "cc.PrefabInfo",
    "root": {
      "__id__": 1
    },
    "asset": null,
    "fileId": "bc190cR0vlIFrSkdNfsBdlM"
  }
]