{
  "__type__": "cc.AnimationClip",
  "_name": "ccc",
  "_objFlags": 0,
  "_duration": 0.25,
  "sample": 60,
  "speed": 1,
  "wrapMode": 2,
  "curveData": {
    "props": {
      "scaleX": [
        {
          "frame": 0,
          "value": 1
        },
        {
          "frame": 0.16666666666666666,
          "value": 1.5
        },
        {
          "frame": 0.25,
          "value": 1.5
        }
      ],
      "scaleY": [
        {
          "frame": 0,
          "value": 1
        },
        {
          "frame": 0.16666666666666666,
          "value": 1.5
        }
      ]
    }
  },
  "events": []
}